{"k": 200, "users_to_validate": 3868, "mapk": 0.007975657652955158, "hit_revenue_per_user": 21.73684203722854, "total_hit_revenue": 84078.105, "spend_coverage": 0.07171111445191644, "unique_items": 2443, "item_coverage_per_slot": 0.0031579627714581177, "top_item_share": 0.0010069803516028957}