{"k": 200, "users_to_validate": 3868, "mapk": 0.009434122459390832, "hit_revenue_per_user": 25.73657833505688, "total_hit_revenue": 99549.085, "spend_coverage": 0.08405227192378772, "unique_items": 2443, "item_coverage_per_slot": 0.0031579627714581177, "top_item_share": 0.0011569286452947258}