{"k": 200, "users_to_validate": 3868, "mapk": 0.00042125952062971637, "hit_revenue_per_user": 9.776072905894521, "total_hit_revenue": 37813.850000000006, "spend_coverage": 0.0349241330392891, "unique_items": 200, "item_coverage_per_slot": 0.0002585315408479835, "top_item_share": 0.005}