{"k": 200, "users_to_validate": 3868, "mapk": 0.017626666368600486, "hit_revenue_per_user": 18.95375, "total_hit_revenue": 73313.105, "spend_coverage": 0.07122653787448165, "unique_items": 200, "item_coverage_per_slot": 0.0002585315408479835, "top_item_share": 0.005}