{"k": 200, "users_to_validate": 3868, "mapk": 0.0016406914417917743, "hit_revenue_per_user": 12.338547052740434, "total_hit_revenue": 47725.5, "spend_coverage": 0.04247704201020282, "unique_items": 2443, "item_coverage_per_slot": 0.0031579627714581177, "top_item_share": 0.0004963805584281282}