{"k": 200, "users_to_validate": 3868, "mapk": 0.017431488189539823, "hit_revenue_per_user": 20.317419855222337, "total_hit_revenue": 78587.78, "spend_coverage": 0.07127838859397716, "unique_items": 2430, "item_coverage_per_slot": 0.0031728870922252514, "top_item_share": 0.005779093938349368}