{"k": 200, "users_to_validate": 3868, "mapk": 0.008921916459536917, "hit_revenue_per_user": 15.640098241985523, "total_hit_revenue": 60495.9, "spend_coverage": 0.051204334094910514, "unique_items": 2440, "item_coverage_per_slot": 0.003154084798345398, "top_item_share": 0.005341261633919338}