{"k": 200, "users_to_validate": 3868, "mapk": 0.017742093446742574, "hit_revenue_per_user": 27.286755429162362, "total_hit_revenue": 105545.17000000001, "spend_coverage": 0.09560967879015753, "unique_items": 2440, "item_coverage_per_slot": 0.003154084798345398, "top_item_share": 0.005845398138572906}