{"k": 200, "users_to_validate": 3868, "mapk": 0.017634004292292022, "hit_revenue_per_user": 24.27158738366081, "total_hit_revenue": 93882.5, "spend_coverage": 0.08643968985232635, "unique_items": 2443, "item_coverage_per_slot": 0.0031579627714581177, "top_item_share": 0.005495087900723888}