{"k": 200, "users_to_validate": 3868, "mapk": 0.007512139982302211, "hit_revenue_per_user": 12.624930196483971, "total_hit_revenue": 48833.23, "spend_coverage": 0.04203434515707936, "unique_items": 2443, "item_coverage_per_slot": 0.0031579627714581177, "top_item_share": 0.0053141158221303}