{"k": 200, "users_to_validate": 3868, "mapk": 0.017074838638614587, "hit_revenue_per_user": 11.646657187176835, "total_hit_revenue": 45049.27, "spend_coverage": 0.044405344695247005, "unique_items": 200, "item_coverage_per_slot": 0.0002585315408479835, "top_item_share": 0.005}